workload,cores,repeat,count,seconds,tps,cpu_seconds,average_busy_cores,allocated_cpu_percent,db_write_ms,tx_commit_wait_ms,peak_rss_bytes
previous,1,1,300000,12.185109000000011,24620.21472274066,11.9375,0.9796793775090554,97.96793775090555,1255.5990000000002,121.9059,99041280
native,1,1,300000,12.13548609999998,24720.88860124033,11.875,0.9785351737990965,97.85351737990965,1207.7919,78.8174,99172352
evm,1,1,100000,6.957674499999484,14372.618322401746,6.171875,0.8870600370857328,88.70600370857328,1288.3869,0.0,101711872
previous,2,1,300000,6.388781200001176,46957.313235260706,11.625,1.8195958878663523,90.97979439331762,898.2094999999999,1511.2231,103497728
native,2,1,300000,6.466123700000026,46395.64813769319,11.734375,1.8147464453858118,90.73732226929059,907.1788,1524.9762,104501248
evm,2,1,100000,4.446357199998602,22490.320840626897,6.09375,1.3705039262257015,68.52519631128507,1030.0794999999998,0.0,101060608
previous,4,1,300000,3.5460599000016373,84600.93976412002,11.28125,3.181347839046597,79.53369597616492,752.2024,2692.4009,105005056
native,4,1,300000,3.6580821000006836,82010.18779757402,11.34375,3.1010102260957675,77.5252556523942,763.5321,2883.5324,111616000
evm,4,1,100000,3.2844850000001315,30446.1734488043,6.8125,2.074145566199793,51.85363915499482,997.1227,0.0,103710720
previous,8,1,300000,2.3364768999999797,128398.44468396097,12.15625,5.202811977298002,65.03514971622502,746.3693000000001,5814.2294,110354432
native,8,1,300000,2.3162408000007417,129520.21223350523,12.359375,5.335962910244929,66.69953637806161,738.1114,5848.8062,117166080
evm,8,1,100000,3.082282399998803,32443.49057699542,7.34375,2.3825688392481013,29.782110490601266,976.6228,0.0,113565696
previous,12,1,300000,2.334219200000007,128522.63403539784,15.171875,6.499764460852672,54.16470384043893,926.9418000000001,10404.7436,117100544
native,12,1,300000,2.2590190999999322,132801.0019924174,15.59375,6.902885416064197,57.524045133868306,821.0817999999999,9503.2667,118030336
evm,12,1,100000,3.881556599999385,25762.860188620165,9.34375,2.4072172488741965,20.060143740618305,1429.8761,0.0,122916864
previous,15,1,300000,2.0566935000006197,145865.19576198867,18.140625,8.820286056232751,58.80190704155167,810.9013,10987.8936,116031488
native,15,1,300000,2.1534967000006873,139308.3165625024,17.46875,8.111807183170713,54.07871455447142,844.7865,11825.2932,116162560
evm,15,1,100000,3.261954399999013,30656.467791220584,10.5625,3.238089410447674,21.58726273631783,997.0288,0.0,124739584
evm,15,2,100000,3.336177700000917,29974.422525506514,9.109375,2.7304825519328593,18.203217012885727,989.6005,0.0,124592128
native,15,2,300000,2.140425600000526,140159.04126727238,18.65625,8.716140378808502,58.10760252539001,810.8969999999999,11324.0967,117141504
previous,15,2,300000,2.078626799999256,144326.05218026988,18.09375,8.704665022122526,58.03110014748351,806.3646,10733.3341,113774592
evm,12,2,100000,3.1805279000000155,31441.321423402547,8.6875,2.7314647986580964,22.762206655484135,1016.5981,0.0,120184832
native,12,2,300000,2.396684400000595,125172.92639778751,17.515625,7.308273463120823,60.90227885934019,921.9778,10705.2588,116023296
previous,12,2,300000,2.3896188999988226,125543.03115034277,15.796875,6.610625234010236,55.08854361675197,799.1525,8948.7797,111525888
evm,8,2,100000,3.062974000000395,32648.008112372845,6.390625,2.086411768431327,26.08014710539159,999.4173999999999,0.0,116002816
native,8,2,300000,2.409922499999084,124485.33095986035,12.6875,5.264692121844094,65.80865152305117,800.13,6430.0195,122437632
previous,8,2,300000,2.307461800000965,130012.98656379686,11.9375,5.173433423684417,64.6679177960552,746.8283,5722.8494,110837760
evm,4,2,100000,3.358577199998763,29774.51285027387,5.40625,1.609684600967931,40.24211502419828,1019.6002000000001,0.0,103960576
native,4,2,300000,3.593059799999537,83494.29642112793,11.53125,3.209312018687105,80.23280046717763,745.8063000000001,2817.9924,111296512
previous,4,2,300000,3.57972030000019,83805.43027341663,11.3125,3.1601630998934187,79.00407749733547,776.0699999999999,2802.2436,105541632
evm,2,2,100000,4.427511800000502,22586.049347172528,5.953125,1.3445757501988644,67.22878750994322,1033.0868,0.0,103391232
native,2,2,300000,6.4880904000001465,46238.566589638336,11.671875,1.7989692313781165,89.94846156890583,912.4983,1570.2341,108015616
previous,2,2,300000,6.331752100000813,47380.25040493318,11.421875,1.8039043253128204,90.19521626564102,901.9245999999999,1485.3671,103170048
evm,1,2,100000,6.723691600000166,14872.782088934231,6.046875,0.8993385419402418,89.93385419402418,1083.385,0.0,100827136
native,1,2,300000,12.263672099999894,24462.493578901427,11.859375,0.9670329492909471,96.70329492909471,1205.3494,51.7083,100548608
previous,1,2,300000,12.121962299999723,24748.468323483143,11.546875,0.9525582339090647,95.25582339090647,1236.5136,79.6044,98660352
previous,1,3,300000,12.145572199999151,24700.359526908167,11.734375,0.9661442710785434,96.61442710785434,1201.3461,58.3401,98385920
native,1,3,300000,12.16868980000072,24653.43475186476,11.8125,0.9707289933546749,97.0728993354675,1201.1746,66.1586,99864576
evm,1,3,100000,6.740543200001412,14835.599599744284,5.96875,0.885499851109737,88.5499851109737,1129.3244,0.0,103485440
previous,2,3,300000,6.349159800000052,47250.34641591436,11.3125,1.7817318127667707,89.08659063833854,887.3324,1442.8174,104071168
native,2,3,300000,6.385132699999303,46984.14490274145,11.6875,1.8304239785026355,91.52119892513177,891.26,1470.068,106094592
evm,2,3,100000,4.3394960000005085,23044.150749300905,6.0625,1.3970516391763674,69.85258195881838,1019.0685,0.0,102424576
previous,4,3,300000,3.618868100000327,82898.8489522381,11.34375,3.134612726006503,78.36531815016258,758.1398,2792.173,105730048
native,4,3,300000,3.6175819000000047,82928.32292200478,11.40625,3.1530039444303903,78.82509861075975,782.0546,2936.7081,110411776
evm,4,3,100000,3.3809262000013405,29577.69382838358,5.765625,1.7053389097927407,42.63347274481852,1023.8919000000001,0.0,103456768
previous,8,3,300000,2.6071496000004117,115068.19554963498,12.4375,4.770535607161951,59.63169508952438,1054.6471999999999,8203.888,114266112
native,8,3,300000,2.324016100001245,129086.88541350437,12.40625,5.3382805738709616,66.72850717338702,741.9749,5913.1046,115867648
evm,8,3,100000,3.10189679999894,32238.338812572416,8.28125,2.669737432916153,33.37171791145192,996.4052,0.0,114683904
previous,12,3,300000,2.177637799999502,137763.95688946464,15.90625,7.304359797576823,60.869664979806856,799.8291,8876.9274,113876992
native,12,3,300000,2.1925341000005574,136827.9745340899,16.25,7.411515287263203,61.76262739386002,782.3045999999999,9046.0744,119382016
evm,12,3,100000,3.501642499999434,28558.02669747587,7.859375,2.2444824107547445,18.70402008962287,1062.0253,0.0,123650048
previous,15,3,300000,2.274860699999408,131876.2067497487,18.15625,7.98125792933375,53.20838619555833,809.2629000000001,10932.6252,115298304
native,15,3,300000,2.1047435000000405,142535.18302823798,18.265625,8.678314008333865,57.855426722225765,801.7325,11127.5738,116797440
evm,15,3,100000,3.334989700000733,29985.100103900775,10.703125,3.20934274549563,21.3956183033042,984.0234,0.0,124211200
